repository,file_hash,valid_yaml,valid_workflow
yakshalang/yaksha,d265246144bc5c33a9482c9a78e313fcbc3c7c61f30d2ce88313b43a27d2c568,True,True
ba-archive/blue-archive,31b0f5f58051bfba0963e822d88832b0a322995aed88817f1ed024e0dac71f5c,True,False
nicotine-plus/nicotine-plus,2c92c6e87811aff2a1fbea70e3f7c2c6f0270c6c13e142b124a0597154072f7d,True,True
darwinia-network/darwinia,ac75c813f7328928d021205071a2cbac29112511e011f329b15e5e2209315ad5,True,True
yourls/images,b2cfa692dce18d2b1fb84aeec80704038a6e8978abbc5a0f627b658b71952d6c,True,True
warden-protocol/wardenprotocol,729bcbf385e440260a693f729f6c2c0a31d590fedf3eb77ca62a7c235f45e3fb,True,True
paketo-buildpacks/java,88abc13097e63412f82b1f6e6d90f533fe0a169f9e4ecf64f11e3a762ccf1e4f,True,True
chipsalliance/t1,006d4e0555e0b09d37f2baf6ed769a46cd2da5d48da25718760b81fdee0d9cd0,True,True
autopkg/autopkg,5b7c39fd6aeb1959379c1d2c5be04a77cecbb0ebc85f09b209a2f792385ca3dc,True,True
tailscale/tailscale,a0639b732e5353fc034d0c65205a8f177ece6c770eba94fb72e2ae92bf8529aa,True,True
nodejs/nodejs.org,2608b3b45365e41e41a954aa98413b46adcd54f53dd6b50dddb8ad2a9729240b,True,True
thecloudtheory/arm-estimator,751019e0b3d748152dec3be9cb551bebb43bbc908710606d344d2586a91ded7d,True,False
gmlc-tdc/helics,6af0925760c1b84910904d5de2b2026c44daba8aaf3c72e60953fa98d675efc6,True,True
neondatabase/autoscaling,f7df2e9f3e53fa5fbf0c3fd7652229a3f5b9e03b3e2cf87c79043ee87c1fbd4a,True,True
tencent/ncnn,2320126f4165c969301e6436b0b90db628a9ff81fe3adc136875e3a5e06877ac,True,True
fluxcd/flagger,9ae2cacf5a76eff15812c38bd6be9cbd3140b791cb180081c59fe6c675a0c5af,True,True
schemacrawler/schemacrawler,c3f3909f48246bf3faffa7904da8463c05cb7f4dd5accc4ce0034de681ac7f86,True,True
nipype/pydra,dd2522c4e684136e2d4712f325835e1e4834c2a107aedbf8273d63715f0d7964,True,True
juicedata/juicefs,beda841c4eae09bd5df219bcae65bd67b2fa9214b2da1a9a4dfaa551fa7f596c,True,True
mthmulders/mcs,dde1caf40dd09f67210e9d23c3df704e7dc694087e431a6a2ca43b1684f28383,True,True
werwolv/imhex,df7d075eba03416fbb8dcbeae3c5efc925ec1b9e6a2d82a04bca6069c80e6878,True,True
spiffe/spire,cac8636ac701d147d27858deb55089ff2ef8b7df183133640a7c4cf56027c86e,True,True
e-m-b-a/embark,ce1ecb6624dd476ae079b2ff0b8e5f9217a68d464073c600e8f41a358681b902,True,True
sharkdp/numbat,d3fb7bea4fc4765b94278515517bccb2c1dff9b9228b3f80d7b496d47f0e389b,True,True
devnatan/inventory-framework,a77722fa0d40fb25e3f672ac28a4bf9929193b3a958650b56ffbea4e2b6d3595,True,True
poingstudios/godot-admob-android,685dfe1c4254645689eedcc22ce7af64130b6545cdfddc1944098fb8c40a5fdb,True,True
renovatebot/renovate,731ac1901fed102c9b600aa256b9e40675a179b23304b0652c3545db74287f2d,True,True
loxilb-io/loxilb,624e98361272a4605d4571f1e4619ee693ef3298bf6aadef44e3addb6cedfe6c,True,True
NeuroJSON/jsonlab,e269b694d057467e4d3882e4229ff3282f71ca22936a1169e216d1b8835d0ad9,True,True
justarchinet/archisteamfarm,8d4b7cab649d5bccb8e3c9145090d200898ccdbf0cd158fcd145f460a971f76d,True,True
python-zeroconf/python-zeroconf,11e802ef872d7641dcb2bd74d7b2b3b9f94f40d4dbe8058564108358391b861b,True,True
ffuqiangg/build_openwrt,4e2db153224c8ce01e9d2659ff8f61fb16b629f4c7f9c603ed7978610c74b213,True,True
mon-ius/docker-warp-socks,cc924508f629de979dfe0855871cff415d48414e52a569ec0e2f414d4fd425d2,True,True
phpdocumentor/phpdocumentor,6455e14983df561d08ab16872666cac2767d5c25741351a30e972cdec6304d66,True,True
dwallet-labs/ika,9bd1e2bdc11b0a63a1ad486e9b000c860785bbb317eb1b2dd07e3904a502b401,True,True
simdjson/simdjson,6891bcf975a8b2d570e35aa2bb571e85db6551b2448cc094d5f79a099525d73b,True,True
awspring/spring-cloud-aws,306f2cfc57f9e65ab558b2184de80323aa53a72a7d6de0471cf8c1ec8e11b64b,True,True
kraina-ai/srai,4754f46963751c35f3cd0ab72de7238bab8566429b311fdf2c8093aa11c03efc,True,True
dlt-hub/dlt,c3b05a250891cbaae6a362d5d152f2767052d4033d0868bda4e90250bd26228e,True,True
libprima/prima,2cfdd0a5e3de64180cef86d1ca2392b404a9a525955249e65d8b6d38609b4a36,True,True
fenics/dolfinx,166406a3bb6b2bf22bff128d2bef30751b1a8089d5b9742a22f679b21f662ed1,True,True
smithay/smithay,ecf5df51df6d6ce26b30ff6fffa2ea2d2f837864d6cca130bc0873a1c9c0a409,True,False
rjust/defects4j,33dac7eabea2ab4530a3c72194d94ef945e1543ea94bc99c5d753a55cf254e33,True,True
nikolasibalic/arc-alkali-rydberg-calculator,,True,True
pytest-dev/pytest-cov,914109c3f7ac1576a6e6a2ef6bccaaeb9f63b7678a1291c8241aa4c78b9e0f3f,True,True
cclib/cclib,f125abe290960ad9e306080cb668afd4cf72d42a0f6022fb0e39b429a99b8e8b,True,True
junobuild/juno,6ede2efe48416ab79212e1b38d3d33a33965a7031930e8f113113f2f760c5d09,True,True
slackhq/compose-lints,de0bfbea36a413de5e5c9ff91a6f0ed6a232ced982fb29e3232289e2bc300fb4,True,True
arlac77/svelte-websocket-store,bd2bda32f4efbf26026650a9a25152bf47b7f192fc442e541d48dda951652b88,True,True
wundergraph/cosmo,,True,True
wezterm/wezterm,9418aedea2979d68fed32940dea06d85a91913b8920584e7454939e0d9799a5c,True,True
GatoGraphQL/GatoGraphQL,0eca8744765849ce40b7bab1d8b31ab2b6b906f87c2f059cc0113418510670de,True,True
JuliaGPU/GPUArrays.jl,5327d0a82e00f5d65273c5898c0e415dd7463f8527366a792f9ce32c54195f59,True,True
citation-style-language/locales,4293a07b0ec16a1642ec34854789e17177926d76a3e61d9cd3fb58eabe982d31,True,True
cookiecutter/cookiecutter-django,461584a20fb6e3ca9e81d9c498e11d1bc6f6a04ca57d30f89b6cf2cc3ff12d8b,True,True
nuxt/ui,3630af367a53ec548a75c61ef64981071499f5bf0bd3376ce4def90e2b224c4c,True,True
innogames/slack-bot,042a7f9805b285c0688b01b6f0f88686c3c82ff960d8bd1b99a4902ce9b21c15,True,True
usagi-flow/evil-helix,ba6d643bff697b9845b534c80ac8c980dad42d655aeecfd00c6da4d2b6fe1420,True,True
adyen/adyen-ios,28f4936b3b1eae0b3068aae57db8f1644db58e5db7213126892ede2487c7ec7d,True,True
loonghao/photoshop-python-api,44a702df5771db5e55d9d7947d64c3b69212ba680477384edef6687f65ce9e43,True,True
octokit/octokit.graphql.net,48e13f8c97a7e12dbfd4335b86bbd611093a204e7bcadce8570063bfbc7bcad0,True,True
protocolbuffers/protobuf,532299d60fed1a9b139bc5e98eea921c49d83bb28c88c0ed7b12c59ed6de1cfe,True,True
pyTMD/pyTMD,8f47bb455319db0ced6f836b02ef19db8b01cda9ae30571c24d094e422e91672,True,True
paullouisageneau/libdatachannel,3b037bd5634413b9e2d0d450a1deff114d6be5ef78e0ab788b75bee66fcbf1b2,True,True
cacti/cacti,e5628fd0793612982664e2be3b7d19248bce79daea7ce95fdc8652b7a6b292fc,True,True
googlecloudplatform/cloud-sql-proxy,3f0978eb85a80120510c156f58ef7e56ff2918e0e18b7e2bb07f1044d0c93bc8,True,True
cilium/cilium,7572f48d914e0d8e3995c676501cb73cd3705680ace7d63fafce8f6988c478e8,True,True
Arelle/ixbrl-viewer,4c9a2f1e196c4f84ee60c390ec12e41e48bdc8282a334ae5fbaa06966b880daf,True,True
souporserious/mdxts,96e3ccb685ec3192250c60d0a11be042c19c732a634598d9e69367733ec1a1e9,True,True
gridtools/gt4py,6af5528d90008bd0b2564dff1868fdbf20e2a0b8ef84188867f11734fb90b9bc,True,True
azure/azure-kusto-python,afc83b2c8436e7fc7ff6aa618bb5b2b787421a8a7c058be47745e1527de9707e,True,True
taichi-dev/taichi,ac90aaaa611e868c2f8c3dccc8b2fc4b02e8c894da184c3f665ca1760103bc0a,True,True
edoardottt/csprecon,6d859dd715245091603c18b9f27315894ed0d2f43e71b7a900b2091a61ba1857,True,True
cozy/cozy-stack,27b8a88db67ec195279e1fa9c430402e033c6daa0dc16f001c605881b09274af,True,True
airbytehq/airbyte-platform,c8fa951c2b5cfef72a634086e1cb4417df7298b9b4643c471c573ec6d1e41659,True,True
ComicSparks/jasmine,529810c39b65eea747c8703a78af31bc003cb2f428066266ee1cdcf709d672b9,True,True
backstage/demo,f311c1ec9844cffea4af86a9ec5a1924acca929bf844cd5c702aafa53a94e9e9,True,True
zhuzichu520/FluentUI,57d58a74d91439e7fe0257986fe44c3373817a6be0ad8c1d93c6521b675f60fe,True,True
umami-software/umami,1c2abb0c293ecf312ce20e0fdabda4af2fd65feabf6ec1afc7d11b8899c04ba0,True,True
anyproto/anytype-swift,6bdfc3be794010010a0d0b8fe420144cd23b735b4f24d97ffb5e0e123ef32c38,True,True
reactjs/uk.react.dev,9b653e8a3537d7382801d134df0f32f54620f4d7a992f369a525c477ec274b18,True,True
testcontainers/testcontainers-java,4aef597a09dfdc45930c93d9f4c4fab74b5673feffadf5fd01a5f3ee0aed5b03,True,True
wise-old-man/wise-old-man,,True,True
hectorm/demergi,e99b45c549a40d003b76d3d23b59d3d068d3e377f1e11c6b1cf24dbfe9c3fd17,True,True
kumahq/kuma,fbd8eb0a6e81bc5622d3c75db61cf8cd330bb8978b9af5a09e3e16af05ec83cc,True,True
gitbutlerapp/gitbutler,7e274bbaeeadc85ab9a9c9ef301b7972c794f8ab6c2d143cf6d7fec2383fbf8d,True,False
stuffanthings/qbit_manage,1c29e9ac20a8d565b6bbabc9ea44766cde2334a49fc365f0b40ff8a1d288e6e5,True,True
TechxArtisanStudio/Openterface_QT,8f22f276e9d2efdacb37d4fc71f64c09722a29a98dd9011b520d1870a121a13a,True,True
oven-sh/bun,703ab22717f6e3fc8f0d343fb578c56543a133539ab24bddd90eb395b841f06e,True,True
tarlepp/symfony-flex-backend,3af1c501dd6d1602b5e47545d376a0c11a18ea1ac32c94a7885769ba13b94820,True,True
markuspoerschke/ical,b7b5eb4741e53a59234afe5f9e06706e60c70b7fb8154fef83acce09dda3f5d5,True,True
linuxserver/docker-webtop,8053d27d6a3e44b98fb41a145397c647fcdc16328711c75e0fade3f951183401,True,True
cert-polska/artemis,51d8e29f8d43e737dddcbff89cee624ea1aa100e2504c4bee09d111e59703659,True,True
iotaledger/wasp,f920ca0616faa9b02fa50e5712cc786e7622b2b62331b0f7d52b825d23cab9cc,True,True
bootc-dev/bootc,1669335bb04530a4dc1e64882de9bd330e080da67c682351f72ce088fe8e9c4e,True,True
cheetahtemplate3/cheetah3,9cdebd54e2ebae95d3e55fae8cfb1947d0b5e06861be4244602d7f78ff6c5255,True,True
sunfishcode/mustang,ddfd8e9597e9dac901d4becc2be9e6b995ecd7fc5f9f3c08965ad940c166088a,True,True
customeros/customeros,ea6657af3d870b390f298397ee912d1e2057154bd1eee1f948827d39f23fbabb,True,True
JuliaIO/JLD2.jl,5470f5045438cb05949798fe0399a88bfb73fcc2be688beaa536eac3e0ac8db5,True,True
kubernetes/dashboard,fdca553f9ed5270c6fcbed3182764a188dac718e10df89cfeefda36656c31f4b,True,True
ar10dev/tauri-solid-ts-tailwind-vite,3d96b1a33bdc5995d01134397aadf65bbb3bf1501c87dcc00e3942f2b68104f5,True,True
intuitem/ciso-assistant-community,87fd4f883bb6421de9acb2301c2815e2ea1468eee087a2bd2818e7c5af039fc4,True,True
radish-bdd/radish,4f26288d212a7026a90088cf0957cffc874ba1d91b60d7b86b6a082ff3ae8638,True,True
cyclonedx/cyclonedx-gradle-plugin,bdd662689cc6532e7059282ba27f69b1223ca9a3989c5b25047b63e318005084,True,True
partykit/partykit,89592b6f4cbd7b96d9c740b4d2e9f51c0a521c6dbb92f0338ebd9cd94079b99a,True,True
camunda-community-hub/camunda-platform-7-keycloak,051942d680b9408c091e2ee73e8effad9537d0a2dacf18f52a23dda78a2f9a26,True,True
nvidia/nemo,6f2a00a28915ffc1c9f19db86ef8e93325c264858d701b1179dfb6668279f8bb,True,True
husarnet/husarnet,2c5f0e7209d5dd44d0b209bae582e2c4b4715248eee3458dcdb53d385f907d17,True,True
openchemistry/avogadrolibs,dcfab720b61c40e054431e52ff2802869c3e70c083b695a9b982ab33b63a24f6,True,True
domjudge/domjudge,56fe70c730cb079846c42ad4cd856911220ca8388ee524623315b812c138cd9f,True,True
trusted-ai/aix360,97f841df5d6d5f358e335f0cf8d82b7086d6c73f9dfd038f34622faac25dd151,True,True
santoshshinde2012/node-boilerplate,61dec61eef43453d5041ab6cc9f24e9d378d940e75a795cbb735915196068bf9,True,True
tarantool/tarantool,ddaf377266a575231701d8462c49b896df5d60e00527725d8c66da1361f4e344,True,True
scikit-hep/mplhep,053f3572603ffbaed1f1189ea8d43fd21d03fb6138a3b9dbfeb0a6a453b082bf,True,True
nose-devs/nose2,24426221c0e7440c8fd6c6599b9b5b3b5d2855637e170ff7e13913f2495f5d58,True,True
kubetail-org/kubetail,4120e9e97cc0aef80440f4383d4e9f2daa7c4f1757cfe40d73818853e166dcc5,True,True
friendsofsylius/syliusimportexportplugin,04e96d2d8f5a4afcdb6050b420e8aec805ca2bba54f89649ca4034e015a44067,True,True
cilium/cilium,e87ca1762779703aa84592afb9ece8984b428b8999a501dc3264954c73d54d76,True,True
argentlabs/argent-x,522a9384a81776512acbc9aa8cbb923079ddc65698071593fb4ee4718dfc1604,True,True
ton-community/ton-kotlin,a96177d180bbe4a9eaa4b39ab15460bef55a4a595b831cb9e004efac95836609,True,True
pulumi/templates,bcf2de062462aeb1581eb15e7405218a8b3bd9294aff167597ab6f0c3d97d801,True,True
chapmanjacobd/library,37ee58b572f0dcbdd309cedce5feb9e3e1b365074f9ea8e1838afacf4fc2f54a,True,True
xpack-dev-tools/riscv-none-elf-gcc-xpack,3289fa30186f760c88866c0493dc4ab42891791ff431bddc64076ae7019e569a,True,True
openipc/firmware,665007a4bc40b9b7042466f62da241f6dc1872a7fb493fc956ef437dd246bcbf,True,True
pvieito/pythonkit,0fcd19a0dd058205570d7fec795cdccec8085543b15625864a3341c3f3f2f34a,True,True
krlmlr/utf8,b6c10d08f8fd369ffc68b5bbe2abc13d0c7d897be8885d63acf3b36c41bb974a,True,True
docker-mailserver/docker-mailserver,8b33f9164cf42a91f4d1112286f9cbdedeb49c26c50c0d47094b0c8081d847fc,True,True
owncloud/client,436e6cfcbb5175a8c2c05f6070e23d4f4bb0f30fa5900426358a48dce1ccf3fb,True,True
gradle/actions,a0772dde1a4c60145ea1b901669dd558c8fb332aac54d107b8beced540d63db4,True,True
preactjs/signals,5cfaddb430845d0dc36bfffb39d18a2a1aca7c290b9ebbbc5689f9bc1a198f38,True,True
bitwarden/server,cf905ca78b302416d8792e85b78312aa4c2a25427da156b615e4a9a902f5cf7d,True,True
polytope-labs/hyperbridge,2fc1223bb07cbb1a8585dbd4b89bf51bf1cb9ee3d0a15bf55e646814123b4da9,True,True
databendlabs/databend,51dc002e4b82486d3885392994578946df862769bd7f9f677d4d902c5641d48b,True,True
atuinsh/atuin,29178efb0e53e8e2b6981240e1bfdf7b1095e1c397846451c986fee249c488ce,True,True
scverse/scvi-tools,e3310a801b083d6ebf37c528101b091b4a0dbe9e92a6dc33fb1dca3d52572188,True,True
wwmm/easyeffects,49b17cdb3a163d0b7d7f9d3de1fc7f443c8f61b538558ecbcba5b2f11686d6d4,True,True
DHDAXCW/OpenWRT_x86_x64,e1f1acb25dd3b48685ec8eb2183613955f967f3b3dcc49cc1b6dbceb2ac7f214,True,True
zdz/serverstatus-rust,07b3bd99c11a30bb813f1a22cb80f0900722f2ad12744af9639c7957e7221c4e,True,True
smogon/pokemon-showdown,6ab164087e78ed11573c93945e147816f788f6d4ee8e4fe695ac772a17b34b4a,True,True
scitools/iris,4c2ad0f13aebf73e82a36392d38f974497b21d1b3b1e7343ac9dea0d72a80adf,True,True
ggarra13/mrv2,c5320d6c0994b902fdc4b3c01620c09e9a65497053adff71a4657c46da891792,True,True
lorittabot/loritta,3bf3568a5ea8f06f2198d36db898c611869703d90d4bf94efa4409cc40fb356c,True,True
ollama4j/ollama4j,,True,True
jvde-github/ais-catcher,ee002103b2bfdb3ed4a6458e620cf67e93db39384beeb7143ed47e03cdb68574,True,True
celestiaorg/docs,bf5089897388c40089a214c97c532c6713e74f86d8c67fd0c3b52766155f8fd6,True,True
wezterm/wezterm,299a2fd88bfd80dc426218e0d47c5bb7c177c0c97762813a23b5192a107fbc61,True,True
calimero-network/core,18d67a594e7af2076c0f3e32985e6b8df90c7032a777f94bcba8b1404092d759,True,True
userdocs/qbittorrent-nox-static,3b42c23d05d97ca05d5ac15bd0c5da885a5763e5815fe31983b454abc6d7d5ea,True,True
stenciljs/core,5b37dba9f954ac261e46fb58c8415af0e6b3290c8c12efb5e81a934436a2679b,True,True
vcs-python/vcspull,b0a76fd323ab1d63bd040a1c7368b14ec8399b050a8e9341d458182e75353aaf,True,True
linwooddev/butterfly,868140851f938620658eb159e1d950202664930f21d631d177eda622cdf09ad4,True,True
semgrep/semgrep,d225842e094f1028d438a50fc7fe18e1ca26c53b91411c6fc6d19ef4836060b5,True,True
cilium/cilium,45dabb7daf5afee3000dacd790588430a60f83ab56c0b4abdbf708bc61a99e18,True,True
univrsal/input-overlay,94ae2c4ca347c24d44c492aee475fa1b3aa97a2838660d43322b2a34fe7d19ee,True,False
pdvrieze/xmlutil,9d8643bd0e9e4468205e8d577f358bcf4ae3901a886946224af34c22e5b23366,True,True
bpmn-io/form-js,4fed2fd84f4fa0ac90299afae995cf576c06f3ae1ec8abd5eb54307a8f755a69,True,True
vkcom/icons,cd5204e3fa7e6e76166716a802c9337806a06b2b860de0ce3dd3fc22958d4297,True,True
goosemod/openasar,9480b96b1eada1ddadd278a49423c6be0d048d52007305d376c6c387b26dd865,True,True
johnkerl/miller,94dcfd268afd9e6187dc9753f2cd83236769c93c6d04d956f337d74ff02d7ac5,True,True
noobaa/noobaa-core,18e29ea8bc2b2d8e62d749879ba88860b603b66745b8ab698aade4c59c45e209,True,True
mlr-org/mlr3,57c1fc4bd4d6844bc74a1f95a18152fe140d172e848c279773beb4f2b93ff942,True,True
sitkoru/sitko.core,ccf9c16b35acd5312d4705cf1c4e227ca6f680ee96897f1cdf68d0ccf0eda9ea,True,True
boxed/mutmut,cb9148638e91dd1ef724aadfe10c930e68146d4fb356a983a30e6b976f8315ae,True,True
flant/addon-operator,4b87df595f23acacb68d12a112be74fde5891f476b8f3ddd6e9cbb2fbe06a279,True,True
nuxt/cli,fcc77ce62729277b7ce5bba59ab71cc75f0c918e9854d845db37876c9f6675d5,True,True
bminor/newlib,95ce57671867753371e274234874fe4abeb96befa1ea0ff34a1f322c6890bf46,True,True
marcoieni/release-plz,4c11423199f7cc93feefb9bd5b8a2319bc223e4e48242591215c2847539705ae,True,True
terraform-provider-openstack/terraform-provider-openstack,378bdf02a33f84e34208b3008c2665ad808820704496c583091596ac4aa0bf44,True,True
jax-ml/jax,7aa28b1e4f47a094eafc2a1c9b19750aafc987f568cba753a9d9348da1c646a4,True,True
juspay/hyperswitch,2f9c76f5b69d8d2d887f854c46456351d62d9e3c06500ff697845f6430e9bdab,True,True
deeppsp/torch_ecg,0f46ad0ea41700a0174032039367dc89c5cc32583a568f477b3887b04bc54b9d,True,True
Zxilly/go-size-analyzer,866b75f93bf8cb85684de0dc25be7ed0a6db7e68b046abdcda0293ca3f0065cc,True,True
silverqx/tinyorm,e42df11ea529363565b89964a3096824f1fe92b35420d2317e04809623684698,True,True
victorkabata/notflix,edf5a4097a6fc3ba2a4025d7104230457974f8f8268d59bcc69a9ad6dae93392,True,True
nuclia/nucliadb,36ad6549c3c42d3b77ccf8479d7549070153cb02f28fa8feeab3a6afcae842ac,True,True
academysoftwarefoundation/openvdb,0df22c1fc863d99249f0f23cb861fd48d23445cba7c83278e8f1766683663447,True,True
linuxserver/docker-piwigo,e18aa04f83c5c93ab414c8b4f16f12a8ae7797619cbf0e8ba41381d84d7e2b69,True,True
hiddify/hiddify-next,2f42bb15103ef125f7ff3d2c273744303e7cc30862951f4ea77664baa07aed48,True,True
pocoproject/poco,c42c78b8a20a785dd3500ad2d076414ca6ccbe73a2990de31f2ffd75f4d608ad,True,True
XiangwanGuan/Shadowrocket,861cb472b9e662b3131b2898db81bce7ed32adeba816fff40903d6f579fac97c,True,True
apache/directory-server,17de36041b933a70ffb3ec2b0370ed2be386e17064b889857fb8d239fb7fcde4,True,True
flank/flank,c573cf352ac3ec44f7e59f5fc38c84ea744e19112154db174f70d23e3866a162,True,False
pinnacle-comp/pinnacle,,True,True
pennylaneai/pennylane-lightning,1420bff16ebcda87d8f8caa3b0ef889124a3c9becc27db46e50f3daad9f322e4,True,True
tensorflow/io,34958c84a9dab963a8a56d1248a14e5b8d5932d477aba91e55db2f947123a0c9,True,True
smistad/fast,0e52dfbfe965a7bb8eab641e8a8e4ca43dfa0835ec81ff02072d40afef1dacb7,True,True
kong/kubernetes-ingress-controller,c8209f59ebe62c6ade52934edf21e90a573c6f8c87654c401d300197046a0a75,True,True
lonami/grammers,98d4f778ab181bb6d654a0c6f84b109cf661f3d2e06811a414817d2cdba015c5,True,True
kanglin/rabbitremotecontrol,000ee5aab7436870dafd72e39944523e15c8f71088a3fec2f054a47b262bb496,True,True
vuestorefront/storefront-ui,7f4b93fd883f26172a176e418a7b769c08d23a177c97910bad139b0b23ddd35b,True,True
redhat-developer/yaml-language-server,e4ec98d8199cc94bbdaf4541bcd7243ce9bfa1377134585a9464f4f8e3889630,True,True
denosaurs/bench,bed810272139214c857eaca30d0099b2427a4829a7a2d33149e0e1d51d9cc0f0,True,False
zowe/zowe-cli,4b8560bc263e7aedb38433f369e299196d12f79ea8bfece6cbc469f0dbbcc374,True,True
virustotal/yara-x,5512b8f59bb4e21ad955f051de731d7500f93b9efcf942022e877ee36c0b479b,True,True
canonical/microcloud,8bbef707a780be060bb921cbd1c0bca3cb7e68d4fd15ab87c46ffb1a960e8410,True,True
sushiswap/sushiswap,951f8fd69f5851b7ef3f96a617dc311eefab42d6512af8a4dd20ae4dec3ea296,True,True
ihub-pub/plugins,42c52f9838efeb5de29c0fddcd110c548d2806372f41569a3bd4e5b3950d4437,True,True
danmar/cppcheck,17a6437d0ecc33079a88570e1ee3a7948392b0a92de4fe1f53cf1edd30e7c870,True,True
apache/commons-compress,9138d2dd4a3df73bcc06bf97b771754b956a2316de2e7100b7108cc562a24f68,True,True
carvel-dev/kapp-controller,e68e3c316efc21f9e5eb4470e5cdc107d84cbc95475075a821c92e89af84991c,True,True
altinity/clickhouse-sink-connector,f1768eed385a93e0125a5c56ae9c37dac535b381d88bbdbf0b09ed81d4d96842,True,True
jauderho/dockerfiles,5caaa0f3e1a134ae8fcc0a9b4ca651592b01132c291b6d288f849fa824ddbea4,True,True
chettoy/apexsky,74936a77ce14c7b861c8f546d7f74adb26888945acd43ccb67bdb8949f22ae3f,True,False
coq/coq,5129abd30a2679e8afd6396c319d11aafcb9bfc15dd056fb0c7496601cf91117,True,True
open-rmf/rmf-web,fcad2f5f5a917749962b54e66897373bd2d55918aa577d513d065454d24ddf55,True,False
mikavilpas/yazi.nvim,eeac8cd8515772132ea763488e848af5d36304e825242ba7910f8e4752d0b802,True,True
jauderho/dockerfiles,8db9961af647b7922eae3076968dd6ca81bace7d3212ffcbeeeffe999fa7191e,True,True
wandb/wandb,d8ff1d3c88654ffc4264059796e4e3398c4927a7ecfe239befa3b60b5cc7cc9d,True,False
ribirx/ribir,21266b44f19fddd692be8515f81a2796e9f5f4705bed67958ea3d299e6735026,True,True
xunichanghuan/mimotion-run,b30f79334cad551d45884892c99ea51894851e7069d3dde7ae0e59079d18d542,True,True
xunichanghuan/mimotion-run,dce21076a72c35b617d8ddc75d1476f96c0936dfab42d31b0dcf62f981a1bfb5,True,True
elementsproject/peerswap,c27460655dac88b2cdc338e615698df569d13ed20cfc37c92452fdb4f94a9958,True,True
cloudspannerecosystem/yo,df1324b2379a6d2b94d3c189bbb9e2b21bd4939c64e3bd932bbb9c692e1d6e97,True,True
daptin/daptin,295088f6b7eb40214726ce59518459fdefb36e3c1b1cc35c2ba4a1504cb7c351,True,True
anchore/grype,043e1df58ea659c13776698d2ddd3ebdeed77a7ec6c63d38376f64950c13b22f,True,True
xmlet/htmlflow,42f188bf30789f1dbf2e6f05082bade50f59a05f226d3664edcdd3e27a5487bf,True,True
datafuselabs/databend,aadd7be337fed6cda4f37d791d0f280edc21d4c02b6bec1164157e294c8cb539,True,True
jupyter/nbformat,5c0ca33cba5e590b4dda3a15dca86eae3a0129235558564b4bf6233d21f9cd50,True,True
cucumber/aruba,0e5393aee349ad2e6df8630df66018cf6432aacf50a0b58987a9de0a3c69c98a,True,True
submariner-io/lighthouse,2f03a4e272207b818b8f69a31de40e7b202d0dc73dc87a316429636cd3ac7ca0,True,True
clearcodehq/pytest-postgresql,33f90b6d1f23236dcba7dd30a7bf112d043cdbf6d8604b063caa3ca2db45544f,True,True
open62541pp/open62541pp,c8788b07d167ef33a20875bf01267cdc5f89ae078f30d4cadf4b06931687ba55,True,True
pikepdf/pikepdf,45ef1b0053299fd1dc24bcb8b58aeccfeb4ddaf4c6b2dba97698e3a708676d09,True,True
ethereum/EIPs,7358182bdb000cdd8b0c5b4f290e92ed0532b157775363cb17c2f9c4c51bd003,True,True
miniscruff/changie,856e90179dfb2c2e5803ac81d81abf6b4f1324842b996e1ea4f5ab5ec4349047,True,True
ebonnal/streamable,7e076b4be547d01b9f706fbe15efc3c0fc777739dcc8b6080d60177e670ade7e,True,True
jhipster/generator-jhipster,30df8a7d37ed3e8a9fcc2e2f744ad0343010cb2213e4307a52552af72f685ca1,True,True
nextdns/nextdns,4ede9d890942d189f754f71c750f88a28f767085925587f397760122f3ad963d,True,True
tinglesoftware/dependabot-azure-devops,8420ff6358f50bf96d42886e4236706003c1b85e6a64a381c9fdb6bdcab78419,True,True
kumahq/kuma,1a6b0aa4ecba7c5200868fc5c027fdc20e51b347e3c3b02870056481bdd2acb6,True,True
hypothesisworks/hypothesis,c25cc6d39504e66f97bdcdf1947fbf6f29e773c40348fc5ddb9d71612e7135e7,True,True
bearcove/loona,,True,False
termux/termux-packages,56565a624ab65101511ba3be14b13d21fe3036f66fabe002cfa3f53d422376ab,True,True
envoyproxy/envoy,525cefc7e59c45e2e1f43d916849b051ec03f5ed7678af229cccbf737d79fb3f,True,False
simpod/grafanajsondatasource,c87d427c01f8c676251712186e889a65959cc3b4fb8aac8a64bc14e11e424e08,True,True
pyqg/pyqg,732e1678bc9ce4c619aba29b1930cf315969d2f99ac40568ca212e73b9af4ea8,True,True
armadaproject/armada,d54d9158132be8db0387577cfb5bfeee2599865db9ce592a409444ca2175fe79,True,True
jaredhanson/passport-http-bearer,5af4a9560a680e090f664ba1795ffed9d8b76d4bbe36046fe5f4192295467c5a,True,True
pydata/xarray,9e4f7f7d1ab496fe639fd9b3ae18ed8c7deab194d69bcacb14f03afbc66a656e,True,True
databrickslabs/discoverx,2a425969cfcecadb1a5d1f09b38dea43ad79d0cd10dabc4989ff67f62a0c646a,True,False
bpg/terraform-provider-proxmox,262477aab3ca866ba82deb940312b5176141a30560588758921c6110f3ad0077,True,True
reactionmechanismgenerator/rmg-py,214dca23f4ce056119343d9fc728f2b9ae9249f6744d98cbf2370c880cd21bd4,True,True
lumapu/ahoy,496ea36f868e8e9ea1b01f63c7d822e3aea8c63a484d3c9de68cfc1844236dd4,False,False
sunlabuiuc/pyhealth,78dbc1ac3ac57fe88f56ccb0c453f169e4d654615bb727d4697ce7ea9cb1668f,True,True
onechiporenko/ember-models-table,f4ce8df60ca9a0d7bde9bc4f5dce481501b806ac63d5d01ecc682174f555a49a,True,True
weblateorg/docker,,True,True
netobserv/netobserv-ebpf-agent,319ed359fa44cf7eb2a6fdd9acc62dc67a863ba92b4410a6dd4e09668fafb7ae,True,True
dogtagpki/pki,14078f53a32f22e3db464951da68a141c1398bb4ae657b681cfd7eab2a58e260,True,True
nuxt-modules/sanity,243279c0cd7ed045c9e3aba53be82d99119907e69a66fdfff8b22607b87d909c,True,True
openhd/qopenhd,4f00db0e0680fa4261b5a96a37f35cca17aed3fd8b8ed58b6912fcc5af5e9215,True,True
jogold/cloudstructs,bb0a2aa24aadda0a15f2a37b6a43cd171733f21d2802821fef9be45333e83ef1,True,True
airbytehq/airbyte-platform,8747dc9414fce01bd48e6060b6474c4ab3729403cb9fcae36cdca09eca535349,True,True
apache/commons-lang,ea8b3f17b9fcd357daa74abcf938e5067c6a6c4264466e181123d80b6f0a512c,True,True
rtl-airband/RTLSDR-Airband,498a45a89f5f04a508b2d05a24186ba09c3f94cb13450c06f840188ea81ac2b4,True,True
united-manufacturing-hub/united-manufacturing-hub,bcc6cdc9d2ef13e1a9471e42846885f219d03b2f10cfb95c50b0deabf6fcb38a,True,True
monetr/monetr,45abbf9cb388327d0cd3d2d388818ee78433d4c990fff25ac58a1e5da4b5a8ca,True,True
astral-sh/ruff,724f6d9c4c6522a8c729fea657362a9541bcdb1a15b33226e98131e8abfde745,True,True
datastax/ragstack-ai,8bbba7e5c9577d461b727b8ce62b0c07aed3e26a15e85842370423686da3e5db,True,True
FreesmTeam/FreesmLauncher,ce11d8f22d1e1b5476c80e9acc382e6b098ec082cfae24166fbf8ee74989a603,True,True
mobilefirstllc/social-media-hacker-list,0ba5f3254f5753189a781aacd629e0e4d54954d8fd5d7b3b4c142624011f0518,True,False
YanWenKun/ComfyUI-Windows-Portable,fe5065e698ddc654256ac2eacdcde17c3363c3a7ea61191739f930d96c66eb45,True,True
apastel/ytmusic-deleter,2ec8343997b4cf2625097e22fcd287de3df2e26f83a0eabff3bc65dbe370e9b3,True,True
microsoft/applicationinsights-java,b27e0a04f3a3231670ab72e7421321c8218642777ea5ccc1b3a73c94e670962d,True,True
neo4j/graphql,aa9d3dc44ded6c0367a9e6f51f9370fbe2bd806a438c3229f7bd0dc9c7310999,True,True
elena-lang/elena-lang,9af2e55089cb81789d011aae0abb151a1da8c0f7a731bd302ad4d7330d5a0094,True,True
thuml/depyf,d3c22a3c7e0e704eceff0448a69a7de4aef9dd84aaf7171312cf2a750a07275a,True,True
ZuodaoTech/everyone-can-use-english,646c9514146f7a7a3fb660a191add0dcb454f473aafedecb1859b464d64fbe44,True,True
mph-/lcapy,9901f6777ae29c25503b8c79b0054417664665e5b53f6af9378eeffdd18650ea,True,True
limine-bootloader/limine,998ca3874b63500201f9e265a2e93f33ec65ccd6eb5bff7a972f5bbfba09f789,True,True
webpack-contrib/copy-webpack-plugin,,True,True
persian-calendar/persian-calendar,2132c10ecd366c6a3133e04d0df3d8d5561f52765e4fcb3060352fc77cbabcc5,True,True
hetznercloud/hcloud-cloud-controller-manager,13cffbbb67ed30be6837972b8e31775f6f2b56804a8753282ff8c5bf5ce8f741,True,True
zeromq/pyzmq,3941302747b0f42598518413ca191d9d909294876db6cf46ee783b0c2cbd6ca8,True,True
newrelic/newrelic-java-agent,eed3bf8c82aad21a300de94dee791139ed90ff764a718a0e6114a640780b0cda,True,True
submariner-io/submariner,0a6c2ebcb30dafcac6f9b06da85f228de59bddff686db0a215e836537e2e3fb2,True,True
vitessio/vitess,b064c7e775fe491af7d38ddf3e9aca12fa987fbc96d23d20be27e2ada333bfaa,True,True
madewokherd/wine-mono,fb020049c8f23775de5abb99a956c3effb9c7dd4bee48cfd6eccc08c7ff97985,True,True
ffaker/ffaker,cb10883c8b43658274522af71a246b05daae5f9058d6063684710f7b2bf7aa80,True,True
KouShenhai/KCloud-Platform-IOT,32c51cbc4a417c12b27ea0fd18a4fb7aa309989f03e87ed6d02f8bac1aa0dac9,True,True
CraterCrash/godot-orchestrator,1d3d4094cd23485c6ce17a46bea68a466e180fe9728a8520209ec679b168be99,True,True
toeverything/blocksuite,2b5c05b5a213a4ea13ceeda61e6c32ac6bd86b9d395169fc0c6a459a698ea8a8,True,True
tillsteinbach/vwsfriend,54e4e18c3c04cee373bacdaa6b5a66649dda38b03e1bdf86d41133b7b5ea85aa,True,True
wikimedia/pywikibot,9ad8823c470a18820e018a83ee60376517dba55210e25569bb68471408cc3703,True,True
hovancik/stretchly,39cebec3ddcf12fccd11311e2352afc740b20e73bf89b4ddf187b742e15cd9a2,True,True
oppia/oppia,58d86d61b3f7ca94ad8b249217507efb1fc7c06c5733a527d2e8c80ef8c8d50c,True,True
jauderho/dockerfiles,fbe81d99faddff7e1a7399e33d46b13e2d7a0e5b8c612356c7d26bd035cba130,True,True
dangerklippers/danger-klipper,acd39e577b786859be060b19dcb55a3e1d55515fc685a612f059dab9376ffc1e,True,True
py-mine/mcstatus,09899d47a5d6580c6c42e3b064e0650aa631a2da0aaf543e0a6da3057301692e,True,True
web-ridge/react-native-ridge-navigation,f7ad32090b455e9d8d58f6ca1b31631398f4ecf9281351325fc9310139192db9,True,True
longhorn/longhorn,53fea7edad19e9c124b7717cde93b83e0dc5ec0b9f19566312bfbb54b77f889f,True,True
sagiegurari/cargo-make,5e5fbb30631aa13e12abc0fb156c817777e1c277711aff5f72e4d82db6568bad,True,True
hfhbd/kotlinx-uuid,1cf52a36dc13b7a22cddf6806955a88b97d26212f17a559653c77d7b7e532b5f,True,True
Eugeny/russh,1bc604cfc1a63b678e7bd43a3eb61a0e0554f577e2cf201f730db408d0b30906,True,True
julianpoy/recipesage,9e88cc3bb69f0580815215a6069b95b263c64555c6bd0340bf8a363448f14de9,True,False
nextest-rs/nextest,52809005d82597caa7e1d386095208d588888db4d708ac03ecb7cbc4adc24dea,True,True
pulumi/pulumi,3e2b9c4904926a3e6a63214d908b70fbc7ced55d9b9893e6841c35f81680afc0,True,True
Myriad-Dreamin/tinymist,8a7fab985e4148ad101a5a2f21d96fb21b83ff1babe99bee135986d8d973dd21,True,True
wemake-services/wemake-django-template,3aa0665922af71c920dfc3036f35d682f3927bfea97e0776e49c6796116ce19b,True,True
ophub/amlogic-s9xxx-openwrt,659d690bb04c6ebd20fc354693e5c4af96764c9d6ba7d4d1efb4abd00f171476,True,True
LaurenzV/krilla,450d51548063f3da89b8083af847ef9257f00b1c375ed834319d6040868d1849,True,True
nitram509/lib-bpmn-engine,74b5f5e9c13eafd4b97a475e770537df3d3b31b2d03e2295e144889a133dd3e4,True,True
sciencepal/sciencepal,f612e30582cd1c6dbef2d29629eb953578c340ee8236c74ceba939bff6e5a73d,True,False
nextcloud/spreed,a0250506fc586b0262e235765d7cf91a45e5b1fad9f095a2ee5fed74b389c41f,True,True
chaoticgd/ghidra-emotionengine-reloaded,793aeacd67b92c5d6e1cbf97ceed4e54e93220b6f57202d7ad9904afa41cf526,True,True
aloneguid/parquet-dotnet,898851c554c801c933e349e0646dc1e6fbd863c328351377f75edec0f38c1ff8,True,True
bangumi/server,09fe5f4f4f35ef89289812a1e4065d097f462079a8b0a53bbc460a52905c4a2b,True,True
linuxserver/docker-healthchecks,1bcf7b6673d96446fb83496fa9d03c7265c7ff6b731c0685fd4e381f74a8c738,True,True
loqusion/hyprshade,e5e3a3bf18175f5673cb2f5f0b73f1170892372354882e05e0780e04f31d24a3,True,True
rustic-rs/rustic,1353d74a7f9ada03de9e1992290b30e43a80035a24d2264dd398ed584c8e902c,True,True
pk910/powfaucet,c464eb5706ed0b5066927718a3562e000c4afcb4ac0ee71abfbe50b6aa218343,True,True
matrixorigin/matrixone,c3d45287cd82b039da66aef745eb92ea20f865fd975022d364b4534eaa467b3a,True,True
azure/aks-construction,f34614b901917bc9f1ad8e8aa47b8ca0e0378cb62a4e8ae3d9e86805cc2dd2be,True,True
react-native-maps/react-native-maps,3fd38a40fc5965a1bdf0d957957a05ee7e29bf9900ebb3b8b4b1185868b98664,True,True
pingcap/docs-cn,81c4515e9e3b1ee1ee05447f220e74e67db0a0c44a8f8c4d1cb5ca463a9a6377,True,True
aws/eks-anywhere,7073233a11f31222118f2b5f115bbb23a1133e1273acfbaf51c69d4c86ec7c6f,True,True
streetsidesoftware/cspell,fbd0c031c87849b101c73c7bba2a9ad5c1a0b0dbcff8f0ee150a73ce997bb9fe,True,True
skyscanner/cfripper,f9505c7e465f3c4d25545bb20e594d9f519b941f1bd6a0e573c7be5be22d4e02,True,True
claabs/epicgames-freegames-node,3332a11a607b6d2d4052197e5d433f5d8e99fc7bd9108e46b749295c0039ee23,True,True
raywangqvq/bilibilitoolpro,f1750ada7366f6890d2977c71272f6a8d9244dc22f99ef0808090310d8e553de,True,True
android-password-store/android-password-store,cc5f7d32ba6baac68f9eca518535de47ec1a79b92a3207e7a07aa81723ea1896,True,True
apache/incubator-hugegraph-toolchain,02718a0df4d0847841b468059b0672c74d2cfd22261ece716b5dfe1642d3f005,True,True
google/benchmark,0abf15b77d337d70354e0546cf05f75f67da4690373db46cdce1cccfbd154e66,True,True
hexojs/hexo-cli,,True,True
flyingmutant/rapid,797819b110216aa5eae9b9245827420a7bc9fe860f8fddff6bda1c7259df292c,True,True
inspektor-gadget/inspektor-gadget,ff65e518364e6c3a60be49c718ec2575b24c6aeb8e85bfa5e8e1047ff1892314,True,True
JustArchiNET/ASF-ui,fabf25901f277e4ab5d21879ba01ca05748cb18d197cf74444107d36f6fcd291,True,True
stacklok/frizbee,82dea54b2938a7b05d252152b1e26b6da6c4590a1de4a0186db96c51ae42baba,True,True
tencent/ncnn,04a336abb0b177ff3e941224d534f87c5552fb13fcd53931ce95a142c674df27,True,True
jpetrucciani/hubspot3,4b121f6be88cb797871661cf879f04df4f9882e035fbe3f2383e2b1228179430,True,True
oljc/arco-admin,8e45e0928b0096d5becb47b22c789dd79fa0fb8b27da33e9990b2ac819e05eda,True,True
nicennnnnnnlee/bilibilidown,51b956e29e100bf4914f036fe24bf976cc39f5bc0cc9149969aacd6d5f0ca5c8,True,True
eunomia-bpf/eunomia-bpf,8d17ddeb8e6500cfdfd527a554966ceaddeae288f0d8d6ea6b8292aba7fc0b37,True,False
rabbitmq/cluster-operator,189fce793b1860752e0d30e4186442adb6a77f48ccdc383b3332a6c0fe850823,True,True
jellyfin/jellyfin-media-player,e927ea0e89c81c03326560742c515b712c4855b995a9ca55bd1ded97d27af115,True,True
microsoft/typespec,d62a1e9df2f3f0803dac36a9ec645fa33260bec58fe77cadfec46ef250341a5a,True,True
jupyterlab/jupyterlab,6cf920cd0ad1ba08c42aed6abf439f3e2cd1df080cf72cd61a0274da0c6916e0,True,True
shokoanime/shokoserver,f23663116e30cfb63f8181d6b1cd9f9726690ff411306ea8ae0842c710e9bf17,True,True
Wikidata-Toolkit/Wikidata-Toolkit,3418a8f2a0b2e7a95996a74b306e87ab62a7224aed76ad2712941e8452fc0401,True,True
pgf-tikz/pgf,a3c2ef2786a020f138b23c3ff00e1cfaa77d42402fe2b64469d1c05e06d62e8e,True,True
X4BNet/lists_vpn,cd1b03a5f2a65131d66c79fef18bfed681b93e75c96fc3fa966802265f74e2cb,True,True
tensorflow/java,39362f940536b6b89ebc4948e9d05e1bc6eed28a51daf683ea969367c19b8d11,True,True
bluesky-social/indigo,55a3ba26969752c9f90742dcc72e94faabf8bfa5bb439a3f98b588c44605eac2,True,True
azure/secrets-store-csi-driver-provider-azure,258bea2764e347ed8c48e7f053ba52112b91817755961ecd3e4c3917253a9bcf,True,True
curl/curl,c6262e0d0805af8e68f1fca8e1f0e8699a3a798b691de276121b578ae635a91a,True,True
smallrye/smallrye-reactive-messaging,b7bfe7c0198646d899e97c962fd385cde6d1fc308d1f5c6ea084fba86d6f34b2,True,True
apecloud/kubeblocks,568acca6215bf37f69ebae6ad5e26bd2a38d1cbffb36caf199d4f053f063ac45,True,True
chaxus/ran,0ae0f8a3e66dd9ba8f6892bea6d376aa489d07667353f30b69512a4ca4bba309,True,False
wlandau/crew,35c3632773167ad4cb1638190ffeb7e726fc38f85f657c87c927a38097507ce2,False,False
sse-secure-systems/connaisseur,d452e1fa50c3b5ceff884dbdd95016b807857b58075bdc515a183330735470f0,True,True
nocobase/nocobase,63d39ea171074a025e7821d9a1dd70a010051fb8d54b7fc19c9c4ebb87b7220c,True,True
altinn/altinn-studio,71b6dbb8ff2eb576976c76f5a1eea9ce06b0f86fb2d532cfa785741e9f1a89ad,True,True
hyperledger-cacti/cacti,2939ccb6abee0c7101eaf7ee99cd2d284955a2678a8ffb981efa419a7eb2ca58,True,True
vtraag/louvain-igraph,77c60be162b7837cdd4affd1a971bc45add2d1df62ef2001a3f4afaf1c5ef24b,True,True
k8sgateway/k8sgateway,,True,True
wtfutil/wtf,f3166beb20834559a9cf6cb5c82c1bc9b668852da32c63bf67ea243e5dd328d0,True,True
TechxArtisanStudio/Openterface_QT,4b8dbd03e07f1402c68e3b5b5d1b2fdceff74385583aa211e098f4325a2b4367,True,True
vdaas/vald,38d3d297963583c51056f70e5fefa221a9e69cce78432579546d8f286a11db42,True,False
skidamek/automodpack,82a080c6bb74714238287f7045b9987a3534470b10304d34dbada073b69c401c,True,True
cloudevents/sdk-go,486551a7e907b62728f2086eeb7e8fc2b7805857da6cfd31d367499db9329811,True,True
android-password-store/android-password-store,fc993d6d2cfae6d02a732d725e6c34be87b2c915e4a743f164567b9fb6839c1f,True,True
JuliaTrustworthyAI/CounterfactualExplanations.jl,e46d32815e652765000d720ea30db1a2f1f8c9b0533be629483b05389cb5f83f,True,False
decidim/decidim,,True,True
zendesk/copenhagen_theme,de608a8dabf496713a1a757c2fa5b5e1e81f1005d3f9c1997ffd59766b58e6be,True,True
nginx/nginx-prometheus-exporter,028d3dc2c9cd110b7949f437b50491c95959f8a3aa30038d2858a5cab69cd41a,True,True
ballerina-platform/ballerina-distribution,edbc4a1ef4faa854663c52fe7dcd3699f54ac9063fddeacd2bca4d20d06986e2,True,True
unionlabs/union,4e4e1e9eaa1a5b1f173acc8f3a08789445450288167de1bc85c6ab2317d3e620,True,True
dathere/qsv,2f66375e23559a0b1687a2b71ff3bdd37dc9a1c71aaa68b06d962308424fe91d,True,False
getAlby/hub,239fd62d1a46abae8c6cc3cf82124d888c831906326f8b8a12b9dec29c08c2b7,True,True
alex1989hu/kubelet-serving-cert-approver,5839eafd1bbc9a59338b2759c6df487a78f8adf28544308602d5d84ed4f6cf9e,True,True
genericmappingtools/pygmt,2b0e2ab88f3a555798cdc66207b4f70c0371493bd7bd300c8cf8e871be845f76,True,True
wildfly/wildfly,55e9bbcdac4a9b2926058872f997aa5b10e4f7073af38f994e11346770d35436,True,True
ipfs/js-ipfsd-ctl,6d424c8dc20116311f191d9fd3cc02649552bc3d5708f650c5c3316ecc682cf8,True,True
xcodesorg/xcodesapp,a3b4e316e74a4549a7145d61e5ca8a852288d036ad2cfeb8a065810f86799c28,True,True
crowdstrike/falcon-scripts,9c1e92cafdf0e6c819af7493ba3d13741c3bacf01312a1bfbd64a62d75162c8d,True,True
cilium/cilium,d5cbfdbd142856c69350c0bb2b724cf1b7eb4a95abd9694a3a88925b08f8521a,True,False
goauthentik/authentik,7e3204d3f67cf99671ecc37a304acd7e4a8b24240ca0f924436aeb07acec4644,True,True
cvat-ai/cvat,82fdf4ef4ea5af3d3a78e229b6f312902d142b5162056ca679e0bc7f2cf8f34d,True,True
stacks-sbtc/sbtc,9fa9a3b5a5a647779025e0bdbde22726bbbfac176405eb28822ab1ec8e7fce9f,True,True
pytorch/executorch,657436af206349626a39d3f46bc4452e9d0ac607468af853308680768028ff36,True,True
nginxinc/nginx-gateway-fabric,64694ec4454fab3f229e1d5240be9df7668d6dd22e808e5482224c9e89e047a6,True,True
shivammathur/homebrew-extensions,856d634d7d350f22eb55b6bb214470ba15627acd4e1426485bde9966bd687d46,True,True
siegelord/rustgnuplot,ba06ee79e3e79063faf5d34d40d7dab40be021cab8de6566b01a8cf104b589b3,True,True
nikeee/edotor.net,e677eab59326fce2f5b4def01521f88d4c4a84d1b1bd31f1a34fe955ca057dc3,True,True
danielpalme/reportgenerator,6d31e26560692e4615e4e5448f60b24a6733e2d523d8ecace6aab49aa00509d7,True,True
cysharp/unitask,21b2abfb79765dfedcf529aa97d5d9b0d960445ca8cb4fafd8353f30db482a5a,True,True
jauderho/dockerfiles,d49b01a7d687872516bc33aedfd048d5ffc525ecd226069d913b78585e1c57b6,True,True
lelit/pglast,f717ad95c0855fa8745d5fc418a0212df6cb4eb12d475f9ef9c2cf13b10f806f,True,True
igraph/python-igraph,a65d5ffd4e7b8a250d0b3dfb4be47d9d2e6aa24d4701e8df5eb0b0333e9474ee,True,True
synfinatic/aws-sso-cli,0d6af52a255fc1429ef0d61764cc1d7c7d96690b9b699e5c6dbfa8aae0fed8f7,True,True
sine-fdn/tandem,87b9a267cae7a37da6d620442f78d87801597302426ac6e82de96099fcfe1ff9,True,True
open-telemetry/opentelemetry-dotnet-contrib,01c3e08593a8b303280bc426fc27a0b9e567bdf1762588ee71a24091eb7958d2,True,True
super-linter/super-linter,dcce965915e6317e83a32dd5d60e3e92bf7293aa6983b81cbf3c6988d4741360,True,True
cilium/cilium,2f0b8ea9475f1a9377eedbb48307aefd25529d845f8b53ab77c4c47d7c8c3650,True,True
dependency-check/DependencyCheck,dc95ac7ce1896e72e39e503f0c2538446c2e4aa76f2913791f5ab52c0ff9d2e7,True,True
flux-iac/tofu-controller,d7989901f8e54a751326ca0516e01af2fb7775aafa3075a1fd303078cbdb9c12,True,True
pelican-dev/panel,f38ba96a82e8c67c045249f333216f150c30e8ab66f4a539ea4a12f429cd1876,True,True
openssl/openssl,2c21a5127d7dfa366118d3c6662b45b57503160609f88c9c6d88764cbad99b22,True,True
py4dstem/py4dstem,fdcba4189afd2cf3016d8c494e3ddb6c269158b40cc3777b416a61862b9d53f1,True,True
dbartholomae/lambda-middleware,ff5bfe24d7002e109a23889b9d5a16d6738eabe0ec1094b8664b64dcb3ce3f61,True,True
sigstore/root-signing,e09959abebe7437ac6d66d74cb87b21a024a110116bfd777c67d640ea3537fb8,True,True
wasmedge/wasmedge,9486b6f7d02a19a8b091ba3d2b419adebb0b7f0a7e4e0a315e21be8a33c56df3,True,True
scqubits/scqubits,ce2ac7717024ab575eee2743674706fca5f65991a38b71c909d28f83682aec7d,True,True
alephium/alephium,bf76133e2bc07e344566f1dc940c2b2a4ac58396ffbc4a5c74dd4060bd22b69e,True,True
benjaminjonard/koillection,25f2656f414f21d23929fdf350d46c30cc460fcaf3313e1cdd5c99458e53ecfc,True,True
jauderho/dockerfiles,ff06e94e00d56352291e1cd2a6f239659f1c1ea0778fba1108ff10e71a4c6844,True,True
nocobase/nocobase,e6ee92f7107407185f93175cd7f949ca2a0fe7da92a1247d697d03a26fb42343,True,True
kiwigrid/k8s-sidecar,4e19c1887ab26cd1a9a7ba140914f949f1b6df02075bbb78e65ac5d2c85c6f0e,True,True
ros/rosdistro,9f3bb4a33dc9f5538f696f0a0627f8c390361fa5c604fe875e3dd2f8b4369feb,True,True
JuliaRegistries/CompatHelper.jl,507a350a24737d815216e2abd4fa75def66ebc09d4d36b01cd951201a12286fa,True,True
xerial/snappy-java,092bde51d362c54b88c9027c0b03bf7efc518cdb07ad8efebaaeebd5d6b647d8,True,True
samply/blaze,42d78ebdaba36dd249dc16fc20646ae6f4a4cb3e895d69c0f5bde20b8ad33bd6,True,True
jauderho/dockerfiles,70090e734bbf67b45403014c338bb542737266d36654b90630eec86548bc848c,True,True
sous-chefs/openssh,b3f07dd433ad01b73e75e0e71c4eece14b0922205be4b639413d5f2841b2e654,True,True
Jutho/TensorOperations.jl,cecad116d485077cfd4639e0a366ddc0b63e73b71a70833818e0d022f50569c1,True,False
grafana/tanka,1c66373fca8b77bf5caea34465ba2ad69953777364824278beee7da9c653b371,True,True
fastled/fastled,ca8d2013ea73f7d9cdaae181be8b76023ed78432c2408b53617a192775931666,True,True
datastax/ragstack-ai,cb5147b1e0f53257126c87ec53cf0db9e7cc55089ebe492996b2b92452f73d1c,True,True
biomejs/biome,90d6e5ed9bf2e937c2c36f79fbeffef3b8583af35836c33da344b48fe599aa65,True,True
webdriverio/webdriverio,36f03e01bc0fe783c3918e06471415cac06d849a4eb3f8e7277d205c9b2a9a7b,True,True
github/safe-settings,2f41387a385289756cb307cb685bbab9a5122a41bb4f0715070a6e143205a3e4,True,True
squid-cache/squid,00641d7e97480a51ca2dff4960d07a31b6de19362e298bdc7949084174c6275e,True,True
etlegacy/etlegacy,7554261c75be8d057da48ed5ce8d6a67383297db110cb52d02ae49173eda9fe7,False,False
microsoft/mscclpp,047353cff317e230ba3902be5fd8c6754cb2f862719876687e542575c76adb6b,True,True
emilk/egui,e590717ebf0b8bd723ee144706c7dc4816f11be9842f3214a0de39c18e670f54,True,True
Geoxor/Amethyst,,True,True
Ljzd-PRO/KToolBox,382066877b313eaba0c136b03bd803c22bc0f1ef6766a746ee757ea2e6466685,True,True
matter-labs/zksync-era,,True,False
google/brotli,cd645738ae8b78c59feafc7a22224dab28d3d471e99e7e4d23868d9bb16ed046,True,True
nextcloud/social,414d93947eba2b21ba7b5a39ad3f904b12405b3341c58d180adb6f5ede93306e,True,True
aws/karpenter-provider-aws,31383fe8417bf663fdc9ff2a62debc9682ffe453f28c00c76a1c517b1a0419cf,True,False
spring-projects/sts4,ca277af00f5377a56078d1fcb4cce9d320f9c3387341782923843f1a765e90ec,True,True
rustcrypto/formats,d02cc1cb164fc9e4ec785924b9e2154ae13280b9557e00f886d7fab164453f0b,True,False
nodetool-ai/nodetool,91409b13565539450e619219aa7f4fd69a37ec24ace585cf65cb05817501aa39,True,True
xunholy/k8s-gitops,11cb6bf7219fedad5b654786e070a13fd3fb3ed62cc6baabea0c6ee6d1b09f1f,True,True
belgattitude/nextjs-monorepo-example,1a95a4412431a0ce20abfb9555edb247ad066ac1a9574c86e4ce235fba9e8a25,True,True
reown-com/appkit,6798231378043cc988584eef6f480c04a1b575300330dbe5ac330381976ffa36,True,True
Dokploy/dokploy,d4fa73d7488452674ce1adca7c6077bf8e4697d687e65791f26785830cbbc24a,True,True
esp-rs/esp-idf-sys,4e134184333b6a4901eaf8e19ad948ea34f0ba3b3a2e18e7114b9fc3e1fa539e,True,True
naiba/nezha,d882016bfa1c89c272d8ee31bb175810ae5b0b67e9f20273cf02d398543bc8f7,True,True
github-aws-runners/terraform-aws-github-runner,5f05c0681197dee7c248eb7376dd447a3ac259d9f3f40fc8dfc25e323f0d3ae7,True,True
stratis-storage/stratisd,8a53353ba541de639e9193796ecfbba3fe638efb28190322928ba516b9f1e918,True,True
infiniflow/infinity,87c8c7fb75e100cd490cfac9d67110beff974e47813bd30bec80edb32e5f3846,True,True
prymitive/kthxbye,8f386b1e3ccf69f8b45dfb779de124ef93fef906fcd1c88e5ba36321ffe81306,True,True
mapproxy/mapproxy,769555f1cdcd9e1e80b127975045539d93a7dd57fb016f1ead0eb02d0f091e8b,True,True
wooorm/markdown-rs,c03957dcda1aed104f5d00c245dbc1dbc3bafa12b054950a0c93d1f2b7eb9cd1,True,True
geoffwhittington/meshtastic-matrix-relay,c4efddaff62438ea92987f005a4347f73ddc07fba7f8fa5b0254df0d8c81ff9a,True,True
bnpr/malt,5240298f58342547b035b8bb3e7be57ace29a580922b2407b23fdd2095ee1efa,True,True
tyktechnologies/tyk,1b884ab359dbb7867c36086201f96f6bd0042f619743d463133b5af21a082c2b,True,True
nullus157/async-compression,eac324db9b66c5ef8ca3cfd0b3e53c807e139a866403f273573a2673ab07eb57,True,True
yamt/toywasm,ba29df79ad7909d087f75e97d630130ad8cfdc7400e42adf8ee480545136f9e3,True,True
rudderlabs/rudder-sdk-js,259f413b5b3f4b55ab3cbba0519b25e978f06359a34d483109eacbd93796e18f,True,True
splitwise/super_diff,8ebad50cd6728b4e6b885ac66dd697a970db6fd4ebcab6186563bfc5b2491e20,True,True
jetbrains/qodana-action,59f18234cf45ed185d91596fea89f41fcb5e1a82cee0c7ce2755390f56cbdce8,True,True
symplify/phpstan-rules,c02a1a803847e2cfa70ac911de73b7890638e436f80012b4f62b90ef63fb0b5a,True,True
powerman/dockerize,c5997c403b968f61cbf5b92284e254af52e0e0f77055084ae0502dd56d5c6dbe,True,True
crossplane/crossplane,2ecd99fd7ee82eb2da884eb95b08fa703235c79c0ef05f107e9f879e33ed695d,True,True
jbms/sphinx-immaterial,751069c3999fd9932a6d1a800073ecf86c0e646e24e864879314f47f36619ad1,True,True
libyal/winreg-kb,e30a5503eeefc36e407dd74729e9e0df52b72912c05d620431543cdebcdbcb40,True,True
alfateam/orange-orm,30b223fcdb00231966112edde0c6d1c46e6683b3761651bc5744b6a4923c83b5,True,True
woodruffw/zizmor,bcec96691091f190d4eb812d5b6c8ccea4b096c105a2d06977adc16b9252badc,True,True
sigstore/root-signing,36e42464bbfa0d1be41fe57466701b14ab008c69adecf69f50635b5b0afc73c6,True,True
libprima/prima,fab879d0287234bf8e3dfd094bd4b87215b8e56dadeca705f0847ca588fc870f,True,True
gobackup/gobackup,c3707dae5fe848b7bbf7ba180f08509e01153e740b865c6f3c40ff14f00bb64d,True,True
datalad/datalad,1235ff2b186f5f8c8ef4a305ada80ebef7ca9c0caeb8dc9a3c6738e4572a48a1,True,True
pythainlp/pythainlp,9f45f7f04fb52cbe52bbc2b81a27664e8c3860ce533d5577a9cecf85304cf2b3,True,True
percona/pmm,3da5212e2b88c6aab0dfe2b3af66e6ebec1ed65772d0afca1cca99b084fd1446,True,True
vogler/free-games-claimer,23360e5277e20c86e3f30c227f9aea713271409016e9fc4d253a14141a2bf388,True,True
keploy/keploy,b206851d98842df667b6e6898a4b2ee46d5f91766d6c9f3b5022fcd54ecc7fb2,True,True
cinit/qauxiliary,0c45ea79ad56b81e3ba2e82547110bf9f665d129ca1fb369b92bfa8be8afa589,True,True
learning-and-intelligent-systems/predicators,fdf61d53c3e35d450e40f040180dd82dc1d0d10f932387e97668e289c2f250a3,True,True
eslint/eslint,2a391c5b2a1609170793eeac6621af2bceb8487b55432c513eb83b57af009d77,True,True
nrel/rev,a4e004f43a120df4d69a0006f2788459e0a7918870dc4da04287177fd9d6351c,True,True
iotexproject/iotex-core,957d2ae7289f34f480a17c580f376577f714f311afad811a759434bbe6914e0a,True,True
usernotnull/tall-toasts,1befdc6c42dee10f233128406281f779614383c0b60bdb1d13a7eb8d3e2501b6,True,True
wpilibsuite/allwpilib,2dc68ba95b4818e4bc506a3902947ba176ec56a163af8a4be89e8f14312532a6,True,True
sickchill/sickchill,362d0e496d7f359b73fe731e1aa0f9db38ca74320c11cee6308dcce60928d01d,True,True
cilium/cilium-cli,e54bb09ef959bfd0a5eeb4cd3b8fcd5f28d089ff5ca807cae7de5614e3d0684e,True,True
tj-actions/changed-files,c8d1d2e0cc5c20cc92b24ef4f2a791eea809081574c8d0ceb9df4f1f71f905c9,True,True
kotest/kotest,b45e14c11e87a2488ff8ee764294a9dfd5f25e81f89a1c6e666191bbf34ebe64,True,True
rusty1s/pytorch_spline_conv,4b7164cebcfc717c49d460b8decb83459769e45c6726ac668fcf4b39d9c36576,True,True
tombursch/kitchenowl,1393dcc30894ceac5ae67ea0d7e5d02c3ab3666b80f175186ffef1ff66ba14f3,True,True
rogerfar/rdt-client,dc0b3fafd17bfa698e6157a98574ae7348626d8d2eaa82b61be1860a9e133164,True,True
nextcloud/deck,afb452d6ca037aeae45894a8a7139271f33132291a244de1b5c6c27bf9374b25,True,True
nationalsecurityagency/emissary,4e5e944c091b54fed929dbe16a0db66582f60da18297eec852c975753713ec16,True,True
feldera/feldera,,True,True
xpublish-community/xpublish,cc5aed9db62ac0a46f6daf200cab50da3ca6475718c39b2a285b612db281759f,True,False
tetratelabs/wazero,dcaee06bb1380ad1a089d04836f99f05d7786acd736b1aabece79aded2434cb0,True,True
riverwm/river,144ce56b2352f46aecee8457d7e45c228971fc85680ab034bfc8b091d6e9890b,True,True
monicahq/monica,b45b1ad7694f8814c498cdcc206ea3a1ada1e7a984d7d9527abbbb31bb51aeda,True,False
stripe/stripe-cli,3a1e636b97bb078841cfb4ec39bb3dbe18f57a13e14cd0b96b2ab4ee605c62c7,True,True
littlelightfordestiny/littlelight,878366aedb28ec577530ff0270fa55124578b928a47f8b52933ac59a46ea1f12,True,True
gemrb/gemrb,9cd8cab6fda0c39c1897ccbbd5f9c8ff4788799a39a8e44fe38d6cbae361c367,True,True
jauderho/dockerfiles,5277e63320a0eb9bd8168ac283525e2e0e6410394a4e0b6e310e476f94da79d5,True,True
objectionary/eo,c072883d41105934469bf9559ab1aea4235459d332166f601cbd79b46aae6732,True,True
googlemaps/js-api-loader,3b3e7e6e6680a0bb521b95ddd0237eb6187671d305cada0cac0547a9edcd919c,True,True
muhlba91/pulumi-proxmoxve,61c416818c7906ade09f3d054f6b24ae6ef307a882f8de3fe7d8b5ae9cee3b12,True,True
greenbone/openvas-scanner,1155ff563263e8a6ad8ec433585818ce99ac12f92c9ccb64ad9a072b1aefc127,True,True
cilium/pwru,403fdcefdd84b307468fa4ee03c5debb2eee7c3cbc360f76a46527c246fff5cc,True,True
ScuffleCloud/scuffle,50d8348b35540213edb80c57bd82c757841713c149e557b0f69cfcf452d4d93b,True,True
openvsp/openvsp,30d15415e73acf99546de0d2b15a248f033d464eb774cf982ccc372704b77f35,True,False
